id,名前,レア度,コスト,灯,タイプ,人形,初期/トークン,効果,改善案,削除する
white_page_signal,小人形の点灯,コモン,0,,呪文,,,追加コスト: 手札1枚を捨てる / 🏳️ 小さな人形トークンを1体場に出す,,
white_prayer_verse,火種の祈り,コモン,0,,呪文,,,💚 HP2回復 / 🗡️ 火種を1枚手札に加える（この戦闘限り） / 消滅,,
white_light_radiance,灯の余光,コモン,0,,呪文,,,⚔️ 3ダメージ / 🕯 灯+2 / 消滅,,
white_light_buckler,灯の小盾,コモン,0,1,呪文,,,追加コスト: 🕯 灯を1払う / 🛡 ブロック+7,,
white_light_dart,灯の火矢,コモン,0,2,呪文,,,追加コスト: 🕯 灯を2払う / ⚔️ 10ダメージ,,
white_light_cinders,灯の火粉,コモン,0,3,呪文,,,追加コスト: 🕯 灯を3払う / ⚔️ 敵全体に7ダメージ,,
white_light_fuel,灯の燃料,コモン,0,3,呪文,,,追加コスト: 🕯 灯を3払う / このターン、エナジー+2 / 1枚ドロー / 消滅,,
white_light_kindling,灯の薪,コモン,0,3,呪文,,,追加コスト: 🕯 灯を3払う / このターン、エナジー+1,,
white_light_page,灯の頁,コモン,0,2,呪文,,,追加コスト: 🕯 灯を2払う / 3枚ドロー,,
white_light_pour,灯り注ぎ,コモン,X,,呪文,,,🕯 灯+2 / 1枚ドロー,,
white_perm_chalice,光の器,コモン,1,,置物,,,HPが回復するたび (満タンでも誘発): 🛡 ブロック+2,,
white_copy_light,写し灯,コモン,1,,呪文,,,🪞 人形1体を選び、同じ人形を1体場に出す（残りの期限も写す・点灯する） / プレイ条件: 場に従者が1体以上,,
white_perm_squire,剣の人形,コモン,1,,置物,○,,毎ターン開始時: ⚔️ 3ダメージ / 🕯️ 人形: 出した瞬間に1回動く。期限4ターン（出したターンを含む）。1ターンごとにダメージとブロック+1,,
white_spark_kindling,大焚き付け,コモン,X,,呪文,,,🗡️ 火種を1枚手札に加える（この戦闘限り） / 消滅,,
white_page_rank,小人形の列,コモン,1,,呪文,,,🏳️ 小さな人形トークンを2体場に出す,,
white_perm_monk,手当ての人形,コモン,1,,置物,○,,置物が場に出るたび: 💚 HP1回復 / 🕯️ 人形: 出した瞬間に1回動く。期限4ターン（出したターンを含む）,,
white_perm_banneret,旗の人形,コモン,1,,置物,○,,攻撃プレイ後: 🛡 ブロック+2 / 🕯️ 人形: 出した瞬間に1回動く。期限4ターン（出したターンを含む）。1ターンごとにダメージとブロック+1,,
white_spark_shield,火守りの盾,コモン,1,,呪文,,,🛡 ブロック+8 / 🔥 火種を1枚山札のランダムな位置に混ぜる（この戦闘限り）,,
white_spark_storm,火種の嵐,コモン,1,,物理,,,⚔️ 8ダメージ / ⚔️ この戦闘で撃った火種×2ダメージ,,
white_spark_scatter,火種撒き,コモン,1,,物理,,,⚔️ 9ダメージ / 🔥 火種を1枚山札のランダムな位置に混ぜる（この戦闘限り）,,
white_spark_kindle,火起こし,コモン,1,2,呪文,,,追加コスト: 🕯 灯を2払う / 🗡️ 火種を2枚手札に加える（この戦闘限り）,,
white_light_spray,灯のしぶき,コモン,1,2,呪文,,,追加コスト: 🕯 灯を2払う / ⚔️ 敵全体に12ダメージ,,
white_light_ember_cache,灯の埋め火,コモン,1,,呪文,,,🕯 灯+1 / 🕯 次のターンの開始時に灯+2 / 1枚ドロー,,
white_light_glow,灯の輝き,コモン,1,,呪文,,,🕯 灯+2 / 2枚ドロー,,
white_light_volley,灯の連矢,コモン,1,2,呪文,,,追加コスト: 🕯 灯を2払う / ⚔️ 5ダメージ ×3,,
white_light_glint,灯の閃き,コモン,1,1,呪文,,,追加コスト: 🕯 灯を1払う / ⚔️ 8ダメージ / 1枚ドロー,,
white_blade_prayer,灯りの刃,コモン,1,,物理,,,⚔️ 6ダメージ / [🛡直前の敵フェーズを完全に凌いだ] 💚 HP6回復,,
white_light_hoard,灯り溜め,コモン,1,,物理,,,🛡 ブロック+8 / 🕯 灯+2,,
white_calling,点灯,コモン,1,,呪文,,,🏳️ 剣の人形トークンを1体場に出す,,
white_march_order,点灯の合図,コモン,1,2,呪文,,,追加コスト: 🕯 灯を2払う / 🏳️ 小さな人形トークンを1体場に出す / 📯 号令: 場の人形の効果をトリガーを問わず今すぐ1回ずつ解決する（登場ごとは除く。アンセム込み）,,
white_perm_candle,燭の人形,コモン,1,,置物,○,,攻撃プレイ後: 💚 HP1回復 / 🕯️ 人形: 出した瞬間に1回動く。期限4ターン（出したターンを含む）,,
white_perm_hound,犬の人形,コモン,1,,置物,○,,攻撃プレイ後: ⚔️ 2ダメージ / 🕯️ 人形: 出した瞬間に1回動く。期限4ターン（出したターンを含む）。1ターンごとにダメージとブロック+1,,
white_perm_shieldmaiden,盾の人形,コモン,1,,置物,○,,毎ターン開始時: 🛡 ブロック+3 / 🕯️ 人形: 出した瞬間に1回動く。期限4ターン（出したターンを含む）。1ターンごとにダメージとブロック+1,,
white_relight,継ぎ火,コモン,1,2,呪文,,,追加コスト: 🕯 灯を2払う / 🔥 場の人形すべての期限を2ターン延ばす / プレイ条件: 場に従者が1体以上,,
white_catalyst_echo,重ねる灯,コモン,1,,呪文,,,🕯 灯+2 / ⚗️ 触媒: 工房の素材にすると、結果のプレイ時の効果を2回解決（X・置物も）,,
white_perm_spark_furnace,灯火の炉,コモン,2,,置物,,,毎ターン開始時: 🗡️ 火種を1枚手札に加える（この戦闘限り）,,
white_perm_bandleader,大鐘の人形,アンコモン,1,2,置物,○,,追加コスト: 🕯 灯を2払う / 置物が場に出るたび: 🛡 ブロック+2 / 🕯️ 人形: 出した瞬間に1回動く。期限5ターン（出したターンを含む）。1ターンごとにダメージとブロック+1,,
white_perm_embers,火の粉,アンコモン,1,,置物,,,火種を撃つたび: ⚔️ 敵全体に6ダメージ(貫通),,
white_spark_burst,火花散らし,アンコモン,1,,呪文,,,⚔️ 3ダメージ(貫通) / 🔥 火種を3枚山札のランダムな位置に混ぜる（この戦闘限り）,,
white_light_double,灯の倍化,アンコモン,1,,呪文,,,🕯 灯を2倍にする / 消滅,,
white_perm_light_core,灯の炉心,アンコモン,1,,置物,,,毎ターン開始時: 🕯 灯が3未満ならこの置物は消える（捨て札へ） / 毎ターン開始時: このターン、エナジー+1 / 毎ターン開始時: 🕯 灯を3失う,,
white_perm_spark_relay,灯の継ぎ手,アンコモン,1,,置物,,,火種を撃つたび: 📯 場の人形1体（ランダム）の効果を今1回解決する（登場ごとは除く。灯は産まない）,,
white_light_lance,灯の長槍,アンコモン,1,4,呪文,,,追加コスト: 🕯 灯を4払う / ⚔️ 30ダメージ,,
white_light_convergence,灯の集約,アンコモン,1,,呪文,,,次のターンの開始時に一時マナ+1 / 🕯 次のターンの開始時に灯+2 / 保持（ターン終了時に手札に残る）,,
white_perm_lantern,灯篭の人形,アンコモン,1,2,置物,○,,追加コスト: 🕯 灯を2払う / 毎ターン開始時: 敵全体に🕯 灯2につき1ダメージ（切り捨て。灯は失わない） / 🕯️ 人形: 出した瞬間に1回動く。期限5ターン（出したターンを含む）,,
white_perm_wick,灯芯の人形,アンコモン,1,,置物,○,,毎ターン開始時: 🕯 灯+1 / 🕯️ 人形: 出した瞬間に1回動く。期限4ターン（出したターンを含む）,,
white_perm_choir,癒しの人形,アンコモン,1,2,置物,○,,追加コスト: 🕯 灯を2払う / 攻撃プレイ後: 💚 HP2回復 / 🕯️ 人形: 出した瞬間に1回動く。期限5ターン（出したターンを含む）,,
white_oath_shield,誓いの盾,アンコモン,1,,仕込み札,,,被攻撃前: 🛡 ブロック+12 / 被攻撃前: [敵の行動の値が10以上] 🕯 灯+3,,
white_shining_strike,輝きの一撃,アンコモン,1,,物理,,,⚔️ 8ダメージ / 🕯 灯+2,,
white_perm_band,鐘の人形,アンコモン,1,2,置物,○,,追加コスト: 🕯 灯を2払う / 置物が場に出るたび: 1枚ドロー / 🕯️ 人形: 出した瞬間に1回動く。期限5ターン（出したターンを含む）,,
white_muster,一斉点灯,アンコモン,2,,呪文,,,🏳️ 剣の人形トークンを3体場に出す,,
white_light_torrent,光の奔流,アンコモン,2,3,呪文,,,追加コスト: 🕯 灯を3払う / ⚔️ 9ダメージ ×3,,
white_perm_apostle,恵光の灯籠,アンコモン,2,,置物,,,HPが回復するたび (満タンでも誘発): 1枚ドロー,,
white_severance,断ち切り,アンコモン,2,,物理,,,⚔️ 13ダメージ / 🔥 火種を1枚山札のランダムな位置に混ぜる（この戦闘限り） / 🔥 火種を1枚捨て札に加える（この戦闘限り） / 🗡️ 火種を1枚手札に加える（この戦闘限り）,,
white_perm_embers_last,残り火,アンコモン,2,,置物,,,この置物がある間、灯を放出しても半分（切り捨て）が残る,,
white_praise_chorus,灯の輪,アンコモン,2,2,呪文,,,追加コスト: 🕯 灯を2払う / 💚 HP6回復 / ⚔️ 6ダメージ ×2,,
white_rally,灯の集い,アンコモン,2,,物理,,,⚔️ 置物の数×6ダメージ,,
white_hymn_wall,灯りの壁,アンコモン,2,,仕込み札,,,被攻撃前: 🛡 ブロック+12 / 被攻撃後: 💚 HP8回復 / 消滅,,
white_holy_procession,灯りの行列,アンコモン,2,,呪文,,,🏳️ 剣の人形トークンを1体場に出す / 🏳️ 盾の人形トークンを1体場に出す,,
white_perm_warcry,灯り増し,アンコモン,2,,置物,,,登場時: ✨ 【常在】従者のダメージ・ブロック・回復+1（灯・率・ドローには乗らない）,,
white_reaction_light_wall,灯守りの壁,アンコモン,2,,仕込み札,,,被攻撃前: 🛡 ブロック+18 / 被攻撃前: [🛡この敵フェーズを完全に凌いだら] 🕯 灯+4,,
white_holy_maul,灯火の大槌,アンコモン,2,,物理,,,⚔️ 18ダメージ / 💚 HP5回復,,
white_hound_whistle,犬人形の点灯,アンコモン,2,2,呪文,,,追加コスト: 🕯 灯を2払う / 🏳️ 犬の人形トークンを1体場に出す / 🛡 ブロック+12,,
white_reaction_bright_wall,白光の壁,アンコモン,2,,仕込み札,,,被攻撃前: 🛡 ブロック+14 / 被攻撃前: 🏳️ 剣の人形トークンを1体場に出す / 被攻撃前: 🕯 灯+2,,
white_maiden_prayer,盾人形と灯り,アンコモン,2,,呪文,,,🏳️ 盾の人形トークンを1体場に出す / 🕯 灯+2,,
white_shield_call,盾人形の点灯,アンコモン,2,,呪文,,,🏳️ 盾の人形トークンを1体場に出す / 🛡 ブロック+8,,
white_light_knockout,灯の大砕き,アンコモン,3,,物理,,,⚔️ 30ダメージ / 🕯 灯+5,,
white_eternal_light,永遠の灯,レア,1,2,呪文,,,追加コスト: 🕯 灯を2払う / ✨ 人形1体を選び、期限を無くす（消えなくなる） / 消滅 / プレイ条件: 場に従者が1体以上,,
white_perm_great_furnace,灯の大炉,レア,1,,置物,,,灯を得るたび: 🕯 灯+1,,
white_miracle_division,人形の分列,レア,2,,呪文,,,🏳️ 場の従者1体につき、同じ従者を1体場に出す（複製は複製を産まず、複製同士は互いの登場に反応しない） / 消滅,,
white_perm_cathedral,大灯台,レア,2,,置物,,,毎ターン開始時: 🕯 灯+2 / HPが回復するたび (満タンでも誘発): 🛡 ブロック+2,,
white_perm_spark_hearth,灯の火床,レア,2,,置物,,,ターン終了時: 🔥 灯3につき火種1枚を山札へ（払った灯だけ失う）,,
white_grand_charge,灯火の大行列,レア,2,,呪文,,,🕯 灯を全て放出し、灯2につき全ての人形が1回動く / プレイ条件: 場に従者が1体以上,,
white_perm_banner,白銀の旗,レア,2,,置物,,,置物が場に出るたび: ⚔️ 敵全体に2ダメージ,,
white_perm_bonfire,篝火の人形,レア,2,4,置物,○,,追加コスト: 🕯 灯を4払う / 毎ターン開始時: ⚔️ 敵全体に3ダメージ / 毎ターン開始時: 🛡 ブロック+3 / 🕯️ 人形: 出した瞬間に1回動く。期限なし。1ターンごとにダメージとブロック+1,,
white_mass_heal,大いなる癒し,レア,3,,呪文,,,💚 HP15回復 / 🕯 灯+3 / 🗡️ 火種を2枚手札に加える（この戦闘限り） / 消滅,,
white_light_burst,眩光の大放出,レア,3,,呪文,,,敵全体に🕯 灯×4ダメージを与え、灯を全て放出する / 敵全体に威圧1（次の1回の攻撃行動の与ダメ-25%）,,
white_perm_anthem,輝き増し,レア,3,,置物,,,登場時: ✨ 【常在】従者のダメージ・ブロック・回復+2（灯・率・ドローには乗らない）,,
white_spark_token,火種,コモン,0,,呪文,,○,2枚ドロー / 🕯 灯+1 / 消滅,,
white_perm_page,小さな人形,コモン,1,,置物,○,○,毎ターン開始時: ⚔️ 2ダメージ / 🕯️ 人形: 出した瞬間に1回動く。期限3ターン（出したターンを含む）。1ターンごとにダメージとブロック+1,,
white_light_bolt,灯の矢,コモン,1,1,呪文,,○,追加コスト: 🕯 灯を1払う / ⚔️ 4ダメージ ×3,,
white_shield_strike,灯の護光,コモン,1,,呪文,,○,🛡 ブロック+4 / ⚔️ 5ダメージ,,
white_strike,灯の閃撃,コモン,1,,呪文,,○,⚔️ 5ダメージ,,
white_guard,白盾,コモン,1,,物理,,○,🛡 ブロック+5,,
white_mode_crossroad,灯の岐路,コモン,2,,呪文,,○,選択1: ⚔️ 10ダメージ、威圧2（次の2回の攻撃行動の与ダメ-25%） / 選択2: 🛡 ブロック+14,,
white_reaction_ward,護りの灯印,アンコモン,1,,仕込み札,,○,被攻撃前: 🛡 ブロック+12 / 被攻撃前: [🛡この敵フェーズを完全に凌いだら] 威圧1（次の1回の攻撃行動の与ダメ-25%）,,
